property_id,crime_rate_monthly
101,12
102,18
103,18
104,16
105,14
106,14
107,14
108,14
109,14
110,14
111,12
112,12
113,22
114,18
115,16
116,16
117,16
118,24
119,8
120,16
121,28
122,21
123,29
124,16
125,28
126,14
127,17
128,5
129,14
130,29
131,28
132,17
133,19
134,10
135,14
136,12
137,30
138,21
139,22
140,27
141,13
142,13
143,15
144,17
145,17
146,32
147,30
148,29
149,19
150,18
151,15
152,24
153,22
154,22
155,24
156,24
157,22
158,18
159,18
160,17
161,16
162,12
163,18
164,24
165,31
166,23
167,23
168,15
169,14
170,14
171,17
172,18
173,17
174,16
175,17
176,15
177,14
178,12
179,12
180,15
181,28
182,22
183,18
184,20
185,19
186,15
187,15
188,14
189,15
190,28
191,29
192,12
193,12
194,11
195,11
196,25
197,17
198,17
199,18
200,18
201,20
202,19
203,11
