property_id,latitude,longitude
118,51.472282,-0.125926
119,51.34411,-0.196033
120,51.547834,0.020559
122,51.544555,-0.074816
123,51.533171,-0.089672
154,51.531803,-0.062782
101,51.582155,-0.233227
102,51.473718,-0.072012
103,51.515947,-0.015329
104,51.457125,-0.10887
105,51.558354,-0.276363
106,51.554734,-0.284001
107,51.560686,-0.280819
108,51.55898,-0.277941
109,51.554734,-0.284001
110,51.558354,-0.276363
111,51.37638,-0.091739
112,51.37638,-0.091739
113,51.517413,-0.054557
114,51.537894,-0.028419
115,51.520911,-0.261806
116,51.526527,-0.235037
117,51.458993,-0.131149
121,51.518017,-0.070949
124,51.461047,-0.071985
125,51.531771,-0.079984
126,51.465228,-0.012738
127,51.502415,-0.007531
128,51.334409,-0.253693
129,51.613606,-0.110044
130,51.548178,-0.131462
131,51.513565,-0.187041
132,51.488335,-0.038092
133,51.511346,-0.029379
134,51.452416,-0.242013
135,51.466533,-0.019189
136,51.588575,-0.198304
137,51.500255,-0.08677
138,51.506275,-0.054196
139,51.517168,-0.056023
140,51.525101,-0.068069
141,51.460771,-0.007619
142,51.598154,-0.15045
143,51.584973,-0.018414
144,51.480468,-0.045732
145,51.472099,-0.082966
146,51.533103,-0.13802
147,51.53987,-0.105745
148,51.548695,-0.128297
149,51.562743,-0.123334
150,51.478159,-0.057208
151,51.48413,0.03295
152,51.526259,-0.064704
153,51.53977,-0.06987
155,51.529773,-0.065117
156,51.53089,-0.063556
157,51.530875,-0.061062
158,51.540768,-0.02231
159,51.54853,-0.035762
160,51.5525,-0.022652
161,51.554929,0.023715
162,51.448378,-0.18358
163,51.464787,-0.134137
164,51.475067,-0.107884
165,51.489972,-0.116486
166,51.494565,-0.196483
167,51.494172,-0.195447
168,51.497269,-0.244279
169,51.49133,-0.262716
170,51.50934,-0.297553
171,51.529893,-0.008306
172,51.531061,-0.012494
173,51.515966,0.008901
174,51.499756,0.025405
175,51.510752,0.014018
176,51.534902,0.081773
177,51.52187,0.120994
178,51.490321,0.12156
179,51.380021,-0.074098
180,51.523238,0.11297
181,51.51239,-0.068347
182,51.514498,-0.054984
183,51.537368,-0.04426
184,51.548777,-0.072374
185,51.562503,-0.097316
186,51.490068,0.00511
187,51.482023,-0.01038
188,51.474197,-0.014493
189,51.483772,0.003091
190,51.54551,-0.171017
191,51.542268,-0.160951
192,51.474295,-0.286374
193,51.482695,-0.286477
194,51.46589,-0.291569
195,51.459925,-0.304344
196,51.474659,-0.15509
197,51.473167,-0.170025
198,51.465339,-0.15368
199,51.491812,-0.036272
200,51.494412,-0.036895
201,51.553911,-0.084389
202,51.560862,-0.077778
203,51.43554,-0.182103
