property_id,PTAL_2023
118,5
119,2
120,4
122,6a
123,2
154,4
101,5
102,6a
103,3
104,3
105,5
106,3
107,6a
108,6a
109,3
110,5
111,6b
112,6b
113,6b
114,2
115,5
116,1b
117,4
121,6b
124,5
125,5
126,6b
127,3
128,
129,4
130,4
131,6a
132,3
133,6a
134,2
135,6a
136,3
137,6b
138,4
139,6b
140,3
141,6b
142,2
143,6a
144,1a
145,3
146,6a
147,4
148,3
149,4
150,4
151,3
152,5
153,4
155,5
156,4
157,5
158,2
159,4
160,2
161,2
162,2
163,6a
164,3
165,6a
166,6a
167,6a
168,4
169,3
170,4
171,3
172,5
173,6a
174,2
175,4
176,6a
177,2
178,5
179,3
180,2
181,6b
182,6a
183,2
184,6a
185,6a
186,2
187,6a
188,4
189,3
190,6a
191,2
192,2
193,3
194,6a
195,6a
196,3
197,2
198,3
199,1b
200,2
201,2
202,4
203,2
