"property_id","full_postcode"
118,"SW4 6SB"
119,"SM2 5NN"
120,"E7 9AR"
122,"E8 3DD"
123,"N1 7HD"
154,"E2 8PP"
101,"NW4 3EL"
102,"SE15 5EB"
103,"E14 6TT"
104,"SW2 1PR"
105,"HA9 0JS"
106,"HA9 0HZ"
107,"HA9 0UJ"
108,"HA9 0EH"
109,"HA9 0HZ"
110,"HA9 0JS"
111,"CR0 6GE"
112,"CR0 6GE"
113,"E1 3BG"
114,"E3 2LQ"
115,"W3 6RT"
116,"NW10 6SJ"
117,"SW4 7DJ"
121,"E1 6RF"
124,"SE22 9AN"
125,"N1 6SH"
126,"SE13 5FS"
127,"E14 9NS"
128,"KT17 4BU"
129,"N13 4UH"
130,"NW5 2SN"
131,"W2 3JU"
132,"SE8 5RJ"
133,"E14 7FJ"
134,"SW15 5FB"
135,"SE13 7SR"
136,"NW11 6AL"
137,"SE1 3RQ"
138,"E1W 3QS"
139,"E1 2ES"
140,"E2 6DT"
141,"SE13 5ES"
142,"N10 1LT"
143,"E17 3AG"
144,"SE14 5RB"
145,"SE5 8NX"
146,"NW1 2JJ"
147,"N1 1TW"
148,"N7 9LR"
149,"N19 4JU"
150,"SE15 2RX"
151,"SE7 7PG"
152,"E2 0AG"
153,"E8 3NB"
155,"E2 7AG"
156,"E2 7AW"
157,"E2 6PG"
158,"E3 2NU"
159,"E9 5RJ"
160,"E9 5EF"
161,"E7 0DN"
162,"SW18 3DS"
163,"SW4 6DL"
164,"SW9 7RH"
165,"SE11 5AH"
166,"SW5 9QJ"
167,"SW5 9QH"
168,"W6 0XF"
169,"W4 4JD"
170,"W5 3PS"
171,"E15 2LD"
172,"E15 2PS"
173,"E16 1HF"
174,"E16 2YL"
175,"E16 1HN"
176,"IG11 7XB"
177,"IG11 0AU"
178,"SE2 9RH"
179,"CR0 6RB"
180,"IG11 0GG"
181,"E1 8GD"
182,"E1 2PS"
183,"E9 7HJ"
184,"E8 2LH"
185,"N4 2SS"
186,"SE10 0XG"
187,"SE10 9DT"
188,"SE10 8UN"
189,"SE10 9UR"
190,"NW3 4NT"
191,"NW3 3QU"
192,"TW9 3LU"
193,"TW9 3DT"
194,"TW9 2JX"
195,"TW9 1RU"
196,"SW11 4LY"
197,"SW11 3DJ"
198,"SW11 5NW"
199,"SE16 7EQ"
200,"SE16 7TF"
201,"N16 9PH"
202,"N16 0ES"
203,"SW17 0JG"
