"property_id","crime_rate_monthly","z_log","percentile_rank"
146,32,1.56,92.73
165,31,1.52,92.37
137,30,1.47,91.99
147,30,1.47,91.99
148,29,1.43,91.58
123,29,1.43,91.58
191,29,1.43,91.58
130,29,1.43,91.58
125,28,1.38,91.12
190,28,1.38,91.12
181,28,1.38,91.12
131,28,1.38,91.12
121,28,1.38,91.12
140,27,1.33,90.64
196,25,1.22,89.00
118,24,1.17,88.38
155,24,1.17,88.38
164,24,1.17,88.38
152,24,1.17,88.38
156,24,1.17,88.38
166,23,1.11,87.68
167,23,1.11,87.68
113,22,1.05,86.50
139,22,1.05,86.50
153,22,1.05,86.50
154,22,1.05,86.50
157,22,1.05,86.50
182,22,1.05,86.50
138,21,0.98,85.17
122,21,0.98,85.17
201,20,0.92,83.97
184,20,0.92,83.97
185,19,0.85,82.05
149,19,0.85,82.05
202,19,0.85,82.05
133,19,0.85,82.05
150,18,0.77,80.28
199,18,0.77,80.28
172,18,0.77,80.28
163,18,0.77,80.28
159,18,0.77,80.28
158,18,0.77,80.28
102,18,0.77,80.28
200,18,0.77,80.28
103,18,0.77,80.28
114,18,0.77,80.28
183,18,0.77,80.28
175,17,0.69,78.52
132,17,0.69,78.52
144,17,0.69,78.52
145,17,0.69,78.52
160,17,0.69,78.52
171,17,0.69,78.52
173,17,0.69,78.52
197,17,0.69,78.52
198,17,0.69,78.52
127,17,0.69,78.52
124,16,0.61,76.16
115,16,0.61,76.16
104,16,0.61,76.16
161,16,0.61,76.16
117,16,0.61,76.16
174,16,0.61,76.16
120,16,0.61,76.16
116,16,0.61,76.16
143,15,0.52,73.39
168,15,0.52,73.39
176,15,0.52,73.39
180,15,0.52,73.39
186,15,0.52,73.39
187,15,0.52,73.39
189,15,0.52,73.39
151,15,0.52,73.39
109,14,0.43,70.53
129,14,0.43,70.53
177,14,0.43,70.53
105,14,0.43,70.53
135,14,0.43,70.53
188,14,0.43,70.53
110,14,0.43,70.53
106,14,0.43,70.53
126,14,0.43,70.53
169,14,0.43,70.53
170,14,0.43,70.53
107,14,0.43,70.53
108,14,0.43,70.53
141,13,0.33,66.68
142,13,0.33,66.68
101,12,0.22,62.37
193,12,0.22,62.37
178,12,0.22,62.37
179,12,0.22,62.37
162,12,0.22,62.37
136,12,0.22,62.37
111,12,0.22,62.37
192,12,0.22,62.37
112,12,0.22,62.37
195,11,0.10,56.74
194,11,0.10,56.74
203,11,0.10,56.74
134,10,-0.03,50.09
119,8,-0.34,34.18
128,5,-0.98,10.32
